season,model,mae,rmse,spearman_rho,kendall_tau,top1_accuracy,top3_accuracy,race_kendall_tau,dnf_brier_score,dnf_roc_auc
2019,Historical Average,3.234576243744858,4.413366322708273,0.6291288202189599,0.48199296486602555,0.38095238095238093,0.6666666666666666,0.49674185463659154,0.17096629336624442,0.4931944444444445
2019,Ridge Regression,3.2342789961330403,4.283953652337624,0.6437491893223094,0.49697008159191614,0.5238095238095238,0.6507936507936508,0.5077694235588973,0.17096629336624442,0.4931944444444445
2019,Random Forest,3.397043530944121,4.2913538857732805,0.6510440485394945,0.49876360878926235,0.42857142857142855,0.7936507936507935,0.5077694235588972,0.17096629336624442,0.4931944444444445
2019,LightGBM Regressor,3.4030631146000836,4.322459631449745,0.6475771173148939,0.4939187561003272,0.42857142857142855,0.7301587301587301,0.5052631578947367,0.17096629336624442,0.4931944444444445
2019,XGBoost Regressor,3.3796136379241943,4.28224092696422,0.6499235963067895,0.49894994927729824,0.42857142857142855,0.73015873015873,0.5022556390977444,0.17096629336624442,0.4931944444444445
2019,LambdaRank Ranking,4.218488978499647,4.984131129327564,0.6359895903900256,0.4859055135219914,0.47619047619047616,0.7619047619047619,0.5097744360902255,0.17096629336624442,0.4931944444444445
2019,PyTorch Embedding NN,3.3671374320983887,4.696793562233212,0.6116272882315118,0.4576755311773323,0.5238095238095238,0.7777777777777776,0.49223057644110274,0.17096629336624442,0.4931944444444445
2020,Historical Average,3.544008817767632,4.672717754267536,0.5943670986523936,0.44928710027574786,0.5882352941176471,0.6274509803921569,0.46687306501547987,0.1865723399156917,0.4688178042278842
2020,Ridge Regression,3.613771447560092,4.619884296103841,0.5809800543305937,0.43634569768807896,0.7058823529411765,0.6862745098039216,0.4619195046439628,0.1865723399156917,0.4688178042278842
2020,Random Forest,3.633572453538388,4.6065633701753725,0.6023234514694259,0.45678884738013836,0.4117647058823529,0.6666666666666667,0.4786377708978328,0.1865723399156917,0.4688178042278842
2020,LightGBM Regressor,3.6071766977670605,4.63000466315955,0.594917963053834,0.4462650694517043,0.47058823529411764,0.7058823529411764,0.46501547987616104,0.1865723399156917,0.4688178042278842
2020,XGBoost Regressor,3.563750743865967,4.572896738667902,0.6070915929808279,0.4597970907860552,0.6470588235294118,0.7058823529411764,0.47801857585139323,0.1865723399156917,0.4688178042278842
2020,LambdaRank Ranking,4.328537498230027,5.290896933417677,0.5978490230492975,0.45254415388133024,0.5294117647058824,0.7058823529411765,0.4761609907120744,0.1865723399156917,0.4688178042278842
2020,PyTorch Embedding NN,3.771250009536743,5.073349053704815,0.5622714520175195,0.4202756043649296,0.6470588235294118,0.6862745098039216,0.4520123839009288,0.1865723399156917,0.4688178042278842
2021,Historical Average,3.240973699526526,4.4619044441528715,0.6449126476203448,0.5085434928345323,0.5,0.6666666666666665,0.539712918660287,0.18400531536398923,0.4346056319231283
2021,Ridge Regression,3.3239026819937156,4.380750658538858,0.6540977135487012,0.5156316506865014,0.45454545454545453,0.6666666666666665,0.5550239234449762,0.18400531536398923,0.4346056319231283
2021,Random Forest,3.2558962252958072,4.191908992779035,0.6969385987537308,0.5479528016103002,0.45454545454545453,0.6969696969696968,0.5832535885167464,0.18400531536398923,0.4346056319231283
2021,LightGBM Regressor,3.2409168149316594,4.203794260054643,0.6983412077397184,0.5506190169046364,0.45454545454545453,0.6969696969696968,0.5883552553926408,0.18400531536398923,0.4346056319231283
2021,XGBoost Regressor,3.257432699203491,4.214939006757805,0.6932304631056728,0.547414473860463,0.36363636363636365,0.6818181818181818,0.589310929070856,0.18400531536398923,0.4346056319231283
2021,LambdaRank Ranking,3.913996959988632,4.901471578324795,0.6754978013415883,0.5368751090262625,0.4090909090909091,0.6818181818181817,0.5700972751817205,0.18400531536398923,0.4346056319231283
2021,PyTorch Embedding NN,3.2026455402374268,4.596085765519794,0.6497161888558501,0.5099865908403225,0.2727272727272727,0.6666666666666665,0.5339712918660287,0.18400531536398923,0.4346056319231283
2022,Historical Average,3.5228860031116707,4.780591031784251,0.5725833564973526,0.4408027746803852,0.4090909090909091,0.6818181818181818,0.4502392344497608,0.18081923526455926,0.45624723083739477
2022,Ridge Regression,3.5574781713650965,4.600980097909786,0.5948974811901939,0.4600087113750917,0.45454545454545453,0.606060606060606,0.4775119617224881,0.18081923526455926,0.45624723083739477
2022,Random Forest,3.6408663420660297,4.590381692177424,0.5926849974040729,0.4564221883901134,0.5454545454545454,0.6666666666666665,0.4727272727272727,0.18081923526455926,0.45624723083739477
2022,LightGBM Regressor,3.5165915452308107,4.52425617913469,0.6061150532614803,0.4659933236932213,0.36363636363636365,0.6363636363636362,0.47511961722488044,0.18081923526455926,0.45624723083739477
2022,XGBoost Regressor,3.5643508434295654,4.5728558628265885,0.5968353649366942,0.46110403306143605,0.45454545454545453,0.6666666666666665,0.47368421052631576,0.18081923526455926,0.45624723083739477
2022,LambdaRank Ranking,4.265271785744706,5.1906683696585825,0.6011269009590894,0.4615921422668399,0.45454545454545453,0.6515151515151514,0.46794258373205744,0.18081923526455926,0.45624723083739477
2022,PyTorch Embedding NN,3.5069069862365723,4.863746369575473,0.573138804740993,0.4353911571586723,0.22727272727272727,0.621212121212121,0.45358851674641143,0.18081923526455926,0.45624723083739477
2023,Historical Average,3.371656856023411,4.551138153916731,0.6117222877657168,0.46941007044222427,0.7727272727272727,0.6212121212121211,0.48708133971291867,0.18149241677613165,0.4858815426997245
2023,Ridge Regression,3.361913967339072,4.369853271330387,0.6386289454227363,0.4890828917858629,0.8636363636363636,0.5909090909090909,0.50622009569378,0.18149241677613165,0.4858815426997245
2023,Random Forest,3.474013662916018,4.383902586111264,0.646597610728148,0.498611583029977,0.7727272727272727,0.6212121212121212,0.5129186602870814,0.18149241677613165,0.4858815426997245
2023,LightGBM Regressor,3.36099956342285,4.36143342407513,0.652912343553893,0.5046174173776034,0.45454545454545453,0.6060606060606061,0.5301435406698564,0.18149241677613165,0.4858815426997245
2023,XGBoost Regressor,3.343287467956543,4.303352051883077,0.6573776509427122,0.5079917200676126,0.7272727272727273,0.5757575757575757,0.5291866028708134,0.18149241677613165,0.4858815426997245
2023,LambdaRank Ranking,3.997999619927822,4.950971195457924,0.6516897597565727,0.5019566513398052,0.7727272727272727,0.6515151515151515,0.5076555023923445,0.18149241677613165,0.4858815426997245
2023,PyTorch Embedding NN,3.3963584899902344,4.754963339615142,0.6223471748395992,0.4683701909968755,0.7272727272727273,0.6060606060606062,0.4885167464114833,0.18149241677613165,0.4858815426997245
2024,Historical Average,2.8708091151914625,3.93190083303048,0.729163821921252,0.5663629547564991,0.4583333333333333,0.6666666666666666,0.5892300194931774,0.1695628694686789,0.44897603485838783
2024,Ridge Regression,3.028396653213862,3.945875117429779,0.720626635668299,0.5550826075813673,0.4583333333333333,0.5833333333333334,0.5728557504873294,0.1695628694686789,0.44897603485838783
2024,Random Forest,3.046056385434144,3.9054328800771545,0.7409692232393721,0.5740622393363509,0.4166666666666667,0.6249999999999999,0.6001949317738792,0.1695628694686789,0.44897603485838783
2024,LightGBM Regressor,3.0381322958449273,3.9003704347842247,0.7369688589062318,0.5644470862680243,0.3333333333333333,0.6388888888888887,0.5803118908382067,0.1695628694686789,0.44897603485838783
2024,XGBoost Regressor,3.0652053356170654,3.8995332878796214,0.7445546446806814,0.5763362140843538,0.4166666666666667,0.6944444444444442,0.6006335282651073,0.1695628694686789,0.44897603485838783
2024,LambdaRank Ranking,4.065703003089526,4.7245167504709915,0.7423049617463062,0.5734878309017584,0.4166666666666667,0.6249999999999999,0.5967836257309941,0.1695628694686789,0.44897603485838783
2024,PyTorch Embedding NN,3.1150472164154053,4.256780264784201,0.6853254962360443,0.5131662699036156,0.3333333333333333,0.5972222222222222,0.5141325536062378,0.1695628694686789,0.44897603485838783
2025,Historical Average,3.324229951393259,4.407562427188117,0.6320176063627022,0.4797549558896538,0.5833333333333334,0.6944444444444445,0.5100877192982457,0.17103288716874215,0.4606006364359586
2025,Ridge Regression,3.3740498609527054,4.332448690592965,0.6458166576809355,0.49259306529373226,0.5,0.6944444444444443,0.5118908382066277,0.17103288716874215,0.4606006364359586
2025,Random Forest,3.3515788113833804,4.221835051389684,0.6712951132990215,0.5151537596439959,0.5,0.6944444444444443,0.5366471734892787,0.17103288716874215,0.4606006364359586
2025,LightGBM Regressor,3.3257127231407964,4.24792090684331,0.6667857866070565,0.5133990389723088,0.4583333333333333,0.7361111111111108,0.5375730994152047,0.17103288716874215,0.4606006364359586
2025,XGBoost Regressor,3.3682968616485596,4.258791189842682,0.662518888017485,0.5094061541785716,0.5833333333333334,0.722222222222222,0.5277777777777778,0.17103288716874215,0.4606006364359586
2025,LambdaRank Ranking,3.746511356402411,4.7747571652681815,0.6608557820388317,0.5056281331405513,0.7083333333333334,0.6805555555555555,0.5302631578947369,0.17103288716874215,0.4606006364359586
2025,PyTorch Embedding NN,3.338348627090454,4.495395423885405,0.6097011019470883,0.4536131989441102,0.375,0.6666666666666666,0.4728557504873295,0.17103288716874215,0.4606006364359586
2026,Historical Average,3.5855732606242796,4.883632067535041,0.64908369121948,0.5123263525538151,0.3333333333333333,0.5833333333333334,0.536075036075036,0.18587097568697178,0.47333608929309634
2026,Ridge Regression,3.7174967883977166,4.867848919663091,0.6561267714286062,0.5189180299215379,0.3333333333333333,0.5555555555555555,0.5382395382395382,0.18587097568697178,0.47333608929309634
2026,Random Forest,3.770626294535384,4.955987537955779,0.6325062076571764,0.5075003030524465,0.5833333333333334,0.6111111111111113,0.5230880230880232,0.18587097568697178,0.47333608929309634
2026,LightGBM Regressor,3.7156931297334426,4.907879115135578,0.6462751822942304,0.5160710310125876,0.5833333333333334,0.638888888888889,0.5288600288600288,0.18587097568697178,0.47333608929309634
2026,XGBoost Regressor,3.680246114730835,4.873651366878228,0.6544972267306103,0.5271576266311915,0.5833333333333334,0.6666666666666666,0.5353535353535354,0.18587097568697178,0.47333608929309634
2026,LambdaRank Ranking,4.445059109331381,5.679037021285813,0.630493396637962,0.5070365563136664,0.75,0.638888888888889,0.5339105339105339,0.18587097568697178,0.47333608929309634
2026,PyTorch Embedding NN,3.810892105102539,5.331403959495218,0.5876153849671953,0.4523538593599797,0.4166666666666667,0.5555555555555555,0.4761904761904763,0.18587097568697178,0.47333608929309634
